INSERT INTO users (username, password, email, address, phone_number)
VALUES 
  ('john_doe', '$2a$10$NpHHzDL/qk3B08qbhUPf4eq21IO7rsfg/zxFngtLbw7oc8527nbNa', 'john@example.com', '123 Main St', '555-123-4567'),
  ('jane_smith', '$2a$10$CyDsHi0WmR2PBzMs1iT3JeOTiirmhy25RUW25IhosGWeByq9ijXze', 'jane@example.com', '456 Oak St', '987-654-3210'),
  ('mike_johnson', '$2a$10$4hG/UkS0jc/luOKveLb3t.rzo00UcPGVEQ1KTbEeMr/BAKty9SDPS', 'mike@example.com', '789 Elm St', '555-555-5555'),
  ('sarah_wilson', '$2a$10$NpHHzDL/qk3B08qbhUPf4eq21IO7rsfg/zxFngtLbw7oc8527nbNa', 'sarah@example.com', '123 Maple St', '111-222-3333'),
  ('alex_davis', '$2a$10$CyDsHi0WmR2PBzMs1iT3JeOTiirmhy25RUW25IhosGWeByq9ijXze', 'alex@example.com', '456 Pine St', '444-555-6666'),
  ('lisa_smith', '$2a$10$4hG/UkS0jc/luOKveLb3t.rzo00UcPGVEQ1KTbEeMr/BAKty9SDPS', 'lisa@example.com', '789 Oak St', '777-888-9999'),
  ('test', '$2b$10$HXW.LgKfwjoD2pPJz7AlVuNcfE15K5pqglT/Nl5vw4IjN4X2BhIhO', 'test@example.com', '789 Oak St', '777-888-9999');

INSERT INTO attractions (name, description, latitude, longitude, category, rating, price, duration, featured, booking_url, pictures, city, country)
VALUES ('Compagnie des Bateaux Mouches Bastille Day Seine River Dinner Cruise',
        'Have a Champagne dinner cruise, taste a French traditional cooking, prepared on board by our own chef. Enjoy a 2h15 magic cruise with live music! At the end of the dinner, make yourself comfortable and watch the firework display from the upper-deck.',
        48.86401059999999,
        2.3059374,
        'Dining/Cruise',
        4.3,
        195,
        120,
        true,
        'http://www.partner.viator.com/en/13257/tours/Paris/Bastille-day-dinner-cruise/d479-23561P13?eap=prod-sRa7AtLuF4UkLYO6mKPY-13257&aid=vba13257en',
        '{"https://media.tacdn.com/media/attractions-splice-spp-674x446/06/70/07/58.jpg"}',
        'Paris',
        'France'),

      ('Paris: Full-Day Customized Private Walking Tour with a Local',
        'Discover the history and culture within Paris on this customized tour. Just let the guide know about your interests and all the legwork will be planned for you. Join a passionate, knowledgeable and engaging local as your guide around this immense city.',
        48.85693,
        2.3412,
        'Guided Tour',
        3.0,
        434,
        420,
        false,
        'https://www.getyourguide.com/paris-l16/paris-full-day-customized-private-tour-t226705/?partner_id=B9IC1H4&psrc=partner_api&currency=EUR',
        '{"https://cdn.getyourguide.com/img/tour/5c9cca3309970.jpeg/21.jpg", "https://cdn.getyourguide.com/img/tour/5c9cc9f6c6ddb.jpeg/21.jpg", "https://cdn.getyourguide.com/img/tour/5c9cca02b0183.jpeg/21.jpg"}',
        'Paris',
        'France'),

      ('Paris Dark Side Walking Tour',
        'Our Dark Paris private tour is the ideal way to unveil the most secret & mysterious legends of the City of Lights. From the Antic Latin Quarter to Notre Dame surroundings, and from the Marais to the Haunted Châtelet. It won’t leave you indifferent. Secure your spot now!<br><br>Enjoy a private Paris Evening Tour with a Local Expert Guide.<br><br>Explore the medieval heart of Paris, where each street corner hides stories to reveal.<br><br>Decipher hidden symbols & gothic statues by the churches where dreadful stories happened. <br><br>Discover back alleys where criminals & alchemists haunted for centuries.<br><br>From the Middle Ages to the 1960s, unveil the darkness behind the Parisian nightlife.<br><br>The iconic centre of Paris and Notre Dame cathedral will never look the same after this unique experience!',
        48.86514500000001,
        2.356986,
        'Guided Tour',
        5.0,
        124.5,
        120,
        true,
        'http://www.partner.viator.com/en/13257/tours/Paris/Dark-Paris-Myths-and-Legends-Small-Group-Walking-Tour-10-max/d479-19551P49?eap=prod-fxUokaxbikskDHdLPsA3-13257&aid=vba13257en',
        '{"https://media.tacdn.com/media/attractions-splice-spp-674x446/09/4b/93/c1.jpg"}',
        'Paris',
        'France'),

      ('Luxury private day tour to Champagne from Paris',
        'With this luxury day tour to Champagne, we make sure that you visit and taste only the best the region has to offer. We have crafted this trip with hand picked partners so you can have a perfect experience from start to finish. From the discovery of one of the world’s most prestigious Champagne producers, like Champagne Dom Pérignon or Champagne Ruinart, to the visit of a confidential winery making rare & haute couture champagnes to the passion of your guide who will share his knowledge about wine and Champagne, which is the result of a perfect blend between the land, the climate and century old craftsmanship, this is a perfect day around the world’s most illustrious drink, symbol of prestige and great achievements. Enjoy an exclusive gourmet lunch at a Michelin * restaurant, paired with wines. This tour includes hôtel pick up and drop off by air-conditioned black car or minivan and your private wine expert guide.',
        48.8711057,
        2.3694001,
        'Sightseeing/Tasting',
        5.0,
        1000,
        660,
        true,
        'http://www.partner.viator.com/en/13257/tours/Paris/Luxury-private-day-tour-to-Champagne-from-Paris/d479-35428P6?eap=prod-xyxY1Y4tF3MsHDmXNout-13257&aid=vba13257en',
        '{"https://media.tacdn.com/media/attractions-splice-spp-674x446/06/71/05/7b.jpg"}',
        'Paris',
        'France'),

      ('Eiffel Tower',
        'The Eiffel Tower is a wrought-iron lattice tower and a global icon of France and one of the most recognizable structures in the world.',
        48.8584,
        2.2945,
        'Landmark',
        4.8,
        20.0,
        120,
        true,
        'https://www.example.com/bookings/eiffel-tower',
        '{"https://example.com/images/eiffel_tower_1.jpg", "https://example.com/images/eiffel_tower_2.jpg"}',
        'Paris',
        'France'),

      ('Louvre Museum',
        'The Louvre Museum is the world''s largest art museum and a historic monument in Paris, France.',
        48.8606,
        2.3376,
        'Museum',
        4.7,
        18.0,
        180,
        true,
        'https://www.example.com/bookings/louvre-museum',
        '{"https://example.com/images/louvre_museum_1.jpg", "https://example.com/images/louvre_museum_2.jpg"}',
        'Paris',
        'France'),

      ('Notre-Dame Cathedral',
        'Notre-Dame Cathedral is a medieval Catholic cathedral on the Île de la Cité in the fourth arrondissement of Paris, France.',
        48.8530,
        2.3499,
        'Religious Site',
        4.6,
        0.0,
        60,
true,
        'https://www.example.com/bookings/notre-dame-cathedral',
        '{"https://example.com/images/notre_dame_1.jpg", "https://example.com/images/notre_dame_2.jpg"}',
        'Paris',
        'France');

-- Entry 1
INSERT INTO attractions (name, description, latitude, longitude, category, rating, price, duration, featured, booking_url, pictures, city, country)
VALUES ('Compagnie des Bateaux Mouches Bastille Day Seine River Dinner Cruise',
        'Have a Champagne dinner cruise, taste a French traditional cooking, prepared on board by our own chef. Enjoy a 2h15 magic cruise with live music! At the end of the dinner, make yourself comfortable and watch the firework display from the upper-deck.',
        48.86401059999999,
        2.3059374,
        'Dining/Cruise',
        4.3,
        195.0,
        120,
        true,
        'http://www.partner.viator.com/en/13257/tours/Paris/Bastille-day-dinner-cruise/d479-23561P13?eap=prod-sRa7AtLuF4UkLYO6mKPY-13257&aid=vba13257en',
        ARRAY['https://media.tacdn.com/media/attractions-splice-spp-674x446/06/70/07/58.jpg'],
        'Paris',
        'France');

INSERT INTO attractions (name, description, latitude, longitude, category, rating, price, duration, featured, booking_url, pictures, city, country)
VALUES ('Paris: Full-Day Customized Private Walking Tour with a Local',
        'Discover the history and culture within Paris on this customized tour. Just let the guide know about your interests and all the legwork will be planned for you. Join a passionate, knowledgeable and engaging local as your guide around this immense city.',
        48.85693,
        2.3412,
        'Guided Tour',
        3.0,
        434.0,
        420,
        false,
        'https://www.getyourguide.com/paris-l16/paris-full-day-customized-private-tour-t226705/?partner_id=B9IC1H4&psrc=partner_api&currency=EUR',
        ARRAY['https://cdn.getyourguide.com/img/tour/5c9cca3309970.jpeg/21.jpg', 'https://cdn.getyourguide.com/img/tour/5c9cc9f6c6ddb.jpeg/21.jpg', 'https://cdn.getyourguide.com/img/tour/5c9cca02b0183.jpeg/21.jpg'],
        'Paris',
        'France');
INSERT INTO attractions (name, description, latitude, longitude, category, rating, price, duration, featured, booking_url, pictures, city, country)
VALUES ('Paris Dark Side Walking Tour',
        'Our Dark Paris private tour is the ideal way to unveil the most secret & mysterious legends of the City of Lights. From the Antic Latin Quarter to Notre Dame surroundings, and from the Marais to the Haunted Châtelet. It won’t leave you indifferent. Secure your spot now!<br><br>Enjoy a private Paris Evening Tour with a Local Expert Guide.<br><br>Explore the medieval heart of Paris, where each street corner hides stories to reveal.<br><br>Decipher hidden symbols & gothic statues by the churches where dreadful stories happened. <br><br>Discover back alleys where criminals & alchemists haunted for centuries.<br><br>From the Middle Ages to the 1960s, unveil the darkness behind the Parisian nightlife.<br><br>The iconic centre of Paris and Notre Dame cathedral will never look the same after this unique experience!',
        48.86514500000001,
        2.356986,
        'Guided Tour',
        5.0,
        124,
        120,
        true,
        'http://www.partner.viator.com/en/13257/tours/Paris/Dark-Paris-Myths-and-Legends-Small-Group-Walking-Tour-10-max/d479-19551P49?eap=prod-fxUokaxbikskDHdLPsA3-13257&aid=vba13257en',
        ARRAY['https://media.tacdn.com/media/attractions-splice-spp-674x446/09/4b/93/c1.jpg'],
        'Paris',
        'France');

INSERT INTO attractions (name, description, latitude, longitude, category, rating, price, duration, featured, booking_url, pictures, city, country)
VALUES ('Luxury private day tour to Champagne from Paris',
        'With this luxury day tour to Champagne, we make sure that you visit and taste only the best the region has to offer. We have crafted this trip with hand-picked partners so you can have a perfect experience from start to finish. From the discovery of one of the world’s most prestigious Champagne producers, like Champagne Dom Pérignon or Champagne Ruinart, to the visit of a confidential winery making rare & haute couture champagnes to the passion of your guide who will share his knowledge about wine and Champagne, which is the result of a perfect blend between the land, the climate and century-old craftsmanship, this is a perfect day around the world’s most illustrious drink, symbol of prestige and great achievements. Enjoy an exclusive gourmet lunch at a Michelin * restaurant, paired with wines. This tour includes hotel pick up and drop off by air-conditioned black car or minivan and your private wine expert guide.',
        48.8711057,
        2.3694001,
        'Sightseeing/Tasting',
        5.0,
        1000,
        660,
        true,
        'http://www.partner.viator.com/en/13257/tours/Paris/Luxury-private-day-tour-to-Champagne-from-Paris/d479-35428P6?eap=prod-xyxY1Y4tF3MsHDmXNout-13257&aid=vba13257en',
        ARRAY['https://media.tacdn.com/media/attractions-splice-spp-674x446/06/71/05/7b.jpg'],
        'Paris',
        'France');

INSERT INTO attractions (name, description, latitude, longitude, category, rating, price, duration, featured, booking_url, pictures, city, country)
VALUES ('Longboard dancing course in Paris',
        'Discover the sport trend of the moment: longboard dancing in Paris with No Limit Coaching. Discover longboard dancing with an experienced instructor near the famous spot of the Saint Honoré market between the Parc de Rivoli and the Opera Garnier, in Paris. Longboard dancing is the urban sports activity of the moment. It is a mix of longboard and dance, accessible to all and can be practiced everywhere. No Limit Coaching offers you an introductory or advanced course in this practice during which you will learn to ride and evolve on the board in complete safety. Your instructor will adapt his course and his pedagogy to the level of each one so that everyone can take a maximum of pleasure and progress quickly. Besides the artistic and fun part, this practice also teaches you to trust yourself, to find your balance and to surpass yourself. Good sensations guaranteed!',
        48.866941,
        2.332153,
        'Sports/Lessons',
        4.0,
        30,
        90,
        false,
        'https://alentour.adrenaline-hunter.com/en-GB/embedded-booking/activity/12134?_cid=603',
        ARRAY['https://media.manawa.com/cache/activity_gallery_zoom_770x500/media/2021/06/deb8db436cbe1872337d97e63249ed77.jpg', 'https://media.manawa.com/cache/activity_gallery_zoom_770x500/media/2021/06/69220febb15405264b3404dbd65feb65.jpg', 'https://media.manawa.com/cache/activity_gallery_zoom_770x500/media/2021/06/8cf5b7c0887cf878e9257c5dd8c14e03.jpg', 'https://media.manawa.com/cache/activity_gallery_zoom_770x500/media/2021/06/b5b6e03a76f0fd8eae509a23eca66700.jpg'],
        'Paris',
        'France');
INSERT INTO attractions (name, description, latitude, longitude, category, rating, price, duration, featured, booking_url, pictures, city, country)
VALUES ('Guided Visit and Wine Tasting in a Royal Wine Cellar in Paris',
        'Visit a royal wine cellar in the heart of Paris: discover and learn about French wine in a fun and interactive experience!',
        48.8609185,
        2.3426596,
        'Wine Tasting',
        4.5,
        35.0,
        60,
        false,
        'http://www.partner.viator.com/en/13257/tours/Paris/Guided-Visit-and-Wine-Tasting-in-a-Royal-Wine-Cellar-in-Paris/d479-23034P3?eap=prod-fxUokaxbikskDHdLPsA3-13257&aid=vba13257en',
        ARRAY['https://media.tacdn.com/media/attractions-splice-spp-674x446/07/75/a7/ea.jpg'],
        'Paris',
        'France');

INSERT INTO attractions (name, description, latitude, longitude, category, rating, price, duration, featured, booking_url, pictures, city, country)
VALUES ('Luxury Paris, french fashion history walking tour',
        'We will walk in the luxury districts near Opera Garnier, Faubourg Saint Honoré street and Madeleine. During this experience you will discover the history of the most famous luxury fashion brands and learn how to read their collection today. Every brand has a DNA and follows it since the beginning. How? I will explain. We will enter a lot of first boutiques to discover the luxury universe from inside and see the newest collections. Do you know: How a fashion designer did change a women''s life? Why Coco Chanel is so famous today and how her men influenced her career? What Yves Saint Laurent hide from everybody? Who is Louis Vuitton and what''s his story? Why Hermès is so expensive and inaccessible today? What makes us buy and desire fashion brands? You''ll have the answers during our experience. It''s adapted for the "beginners" in fashion and people who want to know how the fashion industry lives.',
        48.8579759,
        2.361014699999999,
        'Guided Tour/Fashion',
        2.5,
        26.0,
        60,
        false,
        'http://www.partner.viator.com/en/13257/tours/Paris/Luxury-Paris-french-fashion-history-walking-tour/d479-123350P7?eap=prod-fxUokaxbikskDHdLPsA3-13257&aid=vba13257en',
        ARRAY['https://media.tacdn.com/media/attractions-splice-spp-674x446/0a/3f/80/50.jpg'],
        'Paris',
        'France');
INSERT INTO attractions (name, description, latitude, longitude, category, rating, price, duration, featured, booking_url, pictures, city, country)
VALUES ('Bistro Parisien 3-Course-Lunch and Seine River Sightseeing Cruise',
        'Climb aboard a pleasure boat for a 1-hour cruise down the River Seine, before or after your 3-course-lunch including a drink at the Bistro Parisien on the quay near the Eiffel Tower. Take your seats in an entirely glassed-over boat, and enjoy panoramic views of the finest parts of Paris. Relax to the background music as you learn the history of Paris, from its medieval origins on the Ile de la Cité, to the secrets of some of its mansions. Glide past the golden dome of Les Invalides, see the elegant Musée d’Orsay, admire the palatial home of the Louvre Museum, pass the historic exhibition hall of the Grand Palais, and much more. Lunch is served from 11:00 to 15:00, meaning you are free to take it before or after your cruise. Enjoy views of the Eiffel Tower from the Bistro Parisien. The chef uses seasonal products to prepare tasty and authentic cuisine for your enjoyment.',
        48.860385,
        2.293565,
        'Dining/Cruise',
        4.3,
        54.5,
        120,
        false,
        'http://www.partner.viator.com/en/13257/tours/Paris/Bateaux-Parisiens-Bistro-Parisien-lunch-sightseeing-cruise/d479-5836P2?eap=prod-sRa7AtLuF4UkLYO6mKPY-13257&aid=vba13257en',
        ARRAY['https://media.tacdn.com/media/attractions-splice-spp-674x446/09/8c/06/e8.jpg'],
        'Paris',
        'France');
INSERT INTO attractions (name, description, latitude, longitude, category, rating, price, duration, featured, booking_url, pictures, city, country)
VALUES ('Walk & Wine Tour in the Latin Quarter',
        'You will meet in the wine shop and tasting place called "Wine Tasting In Paris" offering the best wine experience in the city for more than 5 years. After a first glass of wine with the owner of the place, a French Sommelier, you will leave with your guide for 2 hours of walking in the charming small streets of Latin Quarter. You will see amazing places such as the Roman Arena, The food street of Rue Mouffetard, The Pantheon, The Sorbonne University. After the first glass of wine in the wine tasting place, you will have 3 more stops, In the small delicious cheese shop first where you will have a second glass of wine with a selection of French cheese, then you will stop in a hidden wine bar behind the Pantheon to taste some natural and organic wines, then you will have a last stop in a wine and finger food place which is perfect for a French aperitif. Here you will have your last glass and food included in the tour.... but of course you can stay there and have more drinks on your own!',
        48.8457939,
        2.3535812,
        'Sightseeing/Tasting',
        4.9,
        84.56,
        120,
        false,
        'http://www.partner.viator.com/en/13257/tours/Paris/Walk-and-Wine-Tour-in-the-Latin-Quarter/d479-7815P6?eap=prod-lFcqmEVtIaXxELR2I9lo-13257&aid=vba13257en',
        ARRAY['https://media.tacdn.com/media/attractions-splice-spp-674x446/0a/31/8b/c9.jpg'],
        'Paris',
        'France');

INSERT INTO attractions (name, description, latitude, longitude, category, rating, price, duration, featured, booking_url, pictures, city, country)
VALUES ('BMX lesson at EGP 18 skatepark, Paris 18th',
        'Paris BMX Club is a BMX school based in Paris which offers courses all year round, in the EGP 18 in the 18th district, all supervised by passionate and qualified instructors.</p><br><p>Your BMX teacher will teach you the basics of this urban sport with a theoretical part and a warm-up beforehand, but above all a technical part to know how to learn and succeed the first figures in the skatepark or on the ground. <br />Overcome your fears, learn to fall and get up again, know your limits and go beyond them... These exercises will also help you in life because it is on self-confidence that everything is played! Achieving things you thought impossible will help you progress in all areas.</p><br><p>Without forgetting that BMX is above all a fun sport, so the teacher will explain to you that you should not only lose sight of the objective but also have a good time and have fun with your bike.</p><br><p>On the programme:<br />- Learn the basics of BMX, ride up and down a ramp and work on your balance with flat tricks (on the ground).<br />- Discover new tricks according to your level: lift the wheels, do a half turn (180), roll on a wheel (manual), take your hands off, turn the handlebars (barspin), drop a ramp...<br />- Some DIY skills to learn how to repair a bike.</p><br><p>The courses take place at the EGP 18, with more than 3000 m2 of sliding space, it is the largest covered concrete skate-park in France. It has a permanent cover and two areas for beginners and experienced riders.</p>',
        48.899796,
        2.365714,
        'Sports/Lessons',
        3.5,
        40.0,
        60,
        false,
        'https://alentour.adrenaline-hunter.com/en-GB/embedded-booking/activity/9271?_cid=603',
        ARRAY['https://media.manawa.com/cache/activity_gallery_zoom_770x500/media/2019/01/99ed4a58c0595a482a40ddb65f406feb.jpeg', 'https://media.manawa.com/cache/activity_gallery_zoom_770x500/media/2019/01/6b2762381caa497744377990d6f0da72.jpeg', 'https://media.manawa.com/cache/activity_gallery_zoom_770x500/media/2019/01/3904e9293071e6aa3492ffcc9d6ab92a.jpeg', 'https://media.manawa.com/cache/activity_gallery_zoom_770x500/media/2019/01/54dd1bf0f086554b66888925bd9f2930.jpeg'],
        'Paris',
        'France');
INSERT INTO attractions (name, description, latitude, longitude, category, rating, price, duration, featured, booking_url, pictures, city, country)
VALUES ('Freestyle BMX course at the Bercy skatepark, in Paris',
        'Want to learn a new urban sport? Discover BMX freestyle at the Bercy skatepark in Paris!\n\nBMX is a physical, technical and very spectacular sport. It is divided into two categories of disciplines. A category for speed called "race" in which riders race and a "freestyle" section through which riders do exceptional tricks!\n\nNo Limit Coaching offers BMX freestyle lessons in street, flatland or skatepark for beginners or advanced riders. The courses take place at the Bercy skatepark, an easily accessible and covered skatepark. It is equipped with various modules: a "micro quarter", a "manual roof", a mini "rainbow ledge", a mini "half pyramid", a "flat rail" and a mini "bank box".\n\nYou will follow a group or private lesson during which you will benefit from the advice of a professional to progress and reach your goal.\n\nDuring your session, you will learn to trust and challenge yourself, to manage risks so that you can get out of your comfort zone. Depending on your level, you will learn various tricks such as jumping, wheel lifting, hands off, backwards, etc.\n\nCome and learn BMX freestyle at the Bercy skatepark in Paris with No Limit Coaching!',
        48.837219,
        2.37891,
        'Sports/Lessons',
        3.5,
        30.0,
        90,
        false,
        'https://alentour.adrenaline-hunter.com/en-GB/embedded-booking/activity/12114?_cid=603',
        ARRAY['https://media.manawa.com/cache/activity_gallery_zoom_770x500/media/2023/02/3cea352db6a363d0521e4f6af455eda7.jpg',
              'https://media.manawa.com/cache/activity_gallery_zoom_770x500/media/2023/02/58650bd52de7234a3f2b415d68643bb3.jpg',
              'https://media.manawa.com/cache/activity_gallery_zoom_770x500/media/2023/02/dc6d2dcce54638e8bcc66fc2c95db7e7.jpg',
              'https://media.manawa.com/cache/activity_gallery_zoom_770x500/media/2023/02/1bc8695b3074a9585b4b3fd2d69465c0.jpg',
              'https://media.manawa.com/cache/activity_gallery_zoom_770x500/media/2023/02/8643b4c274f5d205c446871640c0e1b7.jpg',
              'https://media.manawa.com/cache/activity_gallery_zoom_770x500/media/2023/02/cae47852bdeacb40236d67ce00e2341a.jpg'],
        'Paris',
        'France');
INSERT INTO attractions (name, description, latitude, longitude, category, rating, price, duration, featured, booking_url, pictures, city, country)
VALUES ('Rollerblading lessons on the Place de la Bastille, Paris',
        'The Roller Club de France offers rollerblading lessons adapted to your level on the Place de la Bastille, in the heart of Paris.\n\nWhatever your level, beginner, intermediate or advanced, come and roller-skate with the Roller Club de France association. Classes are accessible to everyone!\n\nDo your children wish to learn or improve their skills in rollerblading? The Roller Club de France is made for them! After having assessed your child''s level, an adapted training is proposed to him/her, in a small group and in a fun way! Go to 35 Boulevard Bourdon in Paris to get equipped: rollerblades, knee pads, elbow pads, wrist guards and helmets for all. The instructors will then take you away for an hour and a half of pure pleasure!\n\nOn the programme\n- The team welcomes you to its premises at 37 bd bourdon 75004 paris.\n- Once on site, you will be given your equipment: protections, knee pads, elbow pads, wrist pads, helmet, rollerblades\n- 5 mn journey for levels 1-2 and 10 mn journey for levels 3-4.\n - Warm-up (5 to 10 minutes)\n- Exercises adapted to the student''s level\n- Practice the exercises in real conditions during the return journey.\n\nAdult courses: in the evenings during the week and at weekends.\nChildren''s courses: Wednesdays and Saturdays.\n\nThe different spots in Paris:\n- Place de la bastille (asphalt)\n- Quai Henri IV (asphalt)\n- Place Henri Frenay (asphalt)\n\nDon''t wait any longer and take to the streets of Paris on roller skates!',
        48.851704,
        2.367698,
        'Sports/Lessons',
        4.0,
        20.0,
        60,
        false,
        'https://alentour.adrenaline-hunter.com/en-GB/embedded-booking/activity/4592?_cid=603',
        ARRAY['https://media.manawa.com/cache/activity_gallery_zoom_770x500/media/2017/05/1bc1a3802c11dafb9b83cd80c5182a5e.jpeg',
              'https://media.manawa.com/cache/activity_gallery_zoom_770x500/media/2017/05/b23d6c71f5335901291b4ac5fce8b535.jpeg',
              'https://media.manawa.com/cache/activity_gallery_zoom_770x500/media/2017/05/aac005789ee78f0dd1c068c2d245de03.jpeg',
              'https://media.manawa.com/cache/activity_gallery_zoom_770x500/media/2017/05/342a093e85b41ff38b50f7e7748012ae.jpeg',
              'https://media.manawa.com/cache/activity_gallery_zoom_770x500/media/2017/05/3eeba3844e6300b7d7bc81713ae1d29b.jpeg',
              'https://media.manawa.com/cache/activity_gallery_zoom_770x500/media/2017/05/761dacefacff00f0280112e2e8922ca0.jpeg',
              'https://media.manawa.com/cache/activity_gallery_zoom_770x500/media/2017/05/599a88d7b2707ece6713e3417e97f573.jpeg',
              'https://media.manawa.com/cache/activity_gallery_zoom_770x500/media/2017/05/c6aff1f4a6d0975205505989cd6e7717.jpeg'],
        'Paris',
        'France');
INSERT INTO attractions (name, description, latitude, longitude, category, rating, price, duration, featured, booking_url, pictures, city, country)
VALUES ('South Bank (Available in Spanish)',
        'A long time ago when the West London area was evolving, the southern area, on the banks of the river, was a marshy area where only boats had access, today, thanks to the British exhibition festival in 1951 it is one of the areas chicest London with must-see places. Cross the famous and spectacular bridge of the towers to walk near the banks of the Thames observing its modern architecture, its impressive skyscrapers .. Enter the oldest and highest quality market in the country where we can find stalls with products from all over the world. Immerse yourself in the pirate history of pirates and corsairs, admiring an authentic pirate ship the Golden Hinde. Be in awe of London''s first Gothic Church, once a church of artists, writers and poets. The beautiful cathedral on the South bank Visit Shakespeare''s Globe, the theater where his first plays took place and which meant so much to him and his company. Enjoy panoramic views on this tour that ends in front of the impressive St Pauls Cathedral.\n\nFree tour: Book for free and pay what you want at the end',
        51.510118,
        -0.076661,
        'Walking Tour',
        4.4,
        0.0,
        120,
        false,
        'https://www.guruwalk.com/walks/28481-south-bank?ref=ojlgpuf3oo1nuk2s74m5',
        ARRAY['https://media.guruwalk.com/mt0ztqqq5tzl96db64s4b8nunn6u',
              'https://media.guruwalk.com/qdnoi44vz3pdkg7fe2tyhtb9794t',
              'https://media.guruwalk.com/0dai3wjh5s2jco6u00eak2hm6ok6',
              'https://media.guruwalk.com/uoq48eowwuzacoeqbe3rh5d63yov',
              'https://media.guruwalk.com/kud5owr7jg2nxcc07qfp7k7ggv60'],
        'London',
        'United Kingdom');
INSERT INTO attractions (name, description, latitude, longitude, category, rating, price, duration, featured, booking_url, pictures, city, country)
VALUES ('Greenwich a fairytale place (Available in Spanish)',
        'Please book at least one day in advance as you need to make a reservation for the museum and you have to ensure that the group is full. Minimum 6 adults are needed for the tour to depart.<br><br> <strong>Try to arrive at least 10 minutes before the tour starts</strong> .<br><br> This is a free tour, that is to say free tour not free, where you value the quality of the visit. <strong><br><br>Keep in mind that you can pay in cash or card but euros or another currency that is not the pound are not accepted.</strong><br><br> Enter the colorful Royal Borough of Greenwich, famous for its maritime history and for being the location of the meridian, and above all for having been occupied by royalty for centuries.<br><br> We will begin by telling the story of the only surviving clipper in the world, the fastest of its time, Cutty Sark.<br><br> We will be amazed by the magnificent architecture of its university, we will discover all the uses it has had and what it was in the past.<br><br> We will walk through its splendid park and go up to the observatory to enjoy spectacular views and discover all the history, mysteries and curiosities of the Royal Observatory. Without failing to visit the Naval Museum.<br><br> We will visit one of the best markets in London, with a vibrant atmosphere and cobblestone floors. Book now and enjoy a unique experience in a fairytale place.<br><br><br></p><p>Free tour: Book for free and pay what you want at the end',
        51.4818,
        -0.010933,
        'Walking Tour',
        4.3,
        0.0,
        150,
        false,
        'https://www.guruwalk.com/walks/38798-greenwich-a-fairytale-place?ref=ojlgpuf3oo1nuk2s74m5',
        ARRAY['https://d1i21eq0w7p1n3.cloudfront.net/s5vto8s8dudvqia28dmv20m9xm0g',
              'https://d1i21eq0w7p1n3.cloudfront.net/6mvu3sma1dgr3gig800kmfn3hhpp',
              'https://d1i21eq0w7p1n3.cloudfront.net/dghtrb57fo9ahlkbhzwvod3keikx',
              'https://d1i21eq0w7p1n3.cloudfront.net/z92fqqw3wxz2jx5e0yuusqe1xskf',
              'https://d1i21eq0w7p1n3.cloudfront.net/a89dvjub4a215y8wafq3h86ne1hm'],
        'London',
        'United Kingdom');
INSERT INTO attractions (name, description, latitude, longitude, category, rating, price, duration, featured, booking_url, pictures, city, country)
VALUES ('The Original Free Tour of London (Available in English)',
        'No other tour covers so many major London landmarks! Have your cameras at the ready as we walk past Westminster Abbey and the Big Ben, and see where the Queen and Prince Charles live as we stroll past Buckingham and St. James’s Palaces. On this 3-hour free walking tour you''ll tick off many of London''s must-see sites.<br></strong>&nbsp;<br>&nbsp;Your London Free Tour starts in front of the Apple Store in Covent Garden and finishes by Westminster Abbey. <br><br>&nbsp;<strong>Around every corner is another piece of royal history on this free London walking tour! <br><br></strong>Your expert local guide will take you to Buckingham Palace, the official residence of Her Majesty Queen Elizabeth II (some tours will even see the changing of the guard!), and you’ll walk past St James’s Palace, where Princes William and Harry grew up and Prince Charles still lives. You’ll also see Westminster Abbey, where the Queen was crowned, Princess Diana was farewelled, and Kate and William were married. However, it’s not only the current royals who feature on this London walking tour – you’ll also hear about other kings and queens who left their mark on Great Britain.<br>&nbsp;<br>&nbsp;<strong>Of course though, it’s not just the royals who helped to shape London</strong>, <br><br>the UK and indeed, the world. Your guide will tell you about Winston Churchill as you walk past the Churchill War Rooms, talk about Guy Fawkes as you stroll past the Houses of Parliament, and tell you about Admiral Nelson as you visit the Nelson Column on Trafalgar Square. With other must-see sites like Covent Garden, Horse Guards Parade and of course, the Big Ben, this London gratuity-based free walking tour shows you many of London''s major landmarks. <br><br><strong>Tour Highlights:<br></strong><br></p><ul><li>The Free Tour starts in front of the Apple Store in Covent Garden&nbsp;</li><li>See the homes of the Queen and Prince Charles, Buckingham and St James’s Palaces respectively</li><li>Visit the stunning Westminster Abbey, site of royal coronations, weddings and funerals</li><li>Learn about Guy Fawkes and his attempt to blow up the Houses of Parliament</li><li>Look up at the iconic Big Ben</li><li>See Nelson’s Column on Trafalgar Square</li><li>Hear about Winston Churchill outside the Churchill War Rooms</li><li>Stroll down the famous Horse Guards Parade.</li></ul><p>Free tour: Book for free and pay what you want at the end',
        51.512229,
        -0.123497,
        'Walking Tour',
        4.1,
        0.0,
        180,
        false,
        'https://www.guruwalk.com/walks/41199-the-original-free-tour-of-london?ref=ojlgpuf3oo1nuk2s74m5',
        ARRAY['https://media.guruwalk.com/mcqx32xi8wyym6awkfu5ilelq8gw',
              'https://media.guruwalk.com/68dsiqc45zucg2wmsimmv4de41dc',
              'https://media.guruwalk.com/dlkx4avr86dtqouztc32odwsiviq',
              'https://media.guruwalk.com/ubmgb6qqsbdi7jc0zgfc8293trf7',
              'https://media.guruwalk.com/02wm3bw5310od03nwlm9t8bjs9s6'],
        'London',
        'United Kingdom');
INSERT INTO attractions (name, description, latitude, longitude, category, rating, price, duration, featured, booking_url, pictures, city, country)
VALUES ('History, betrayals and mystery in London (Available in Spanish)',
        'Do you want to move to London without leaving home? Join us on this Virtual Tour to discover an area of London full of history, mystery and anecdotes. We will start at the Roman wall and I will tell you why it was necessary to build it, how the Romans first arrived in London and what they did to occupy the territory. We will discover who was arriving after the most powerful Empire in the world, betrayals, battles, dynasties, etc. You will accompany us to the Tower of London fortress with the most history in the United Kingdom to discover all the uses it has had and what mysteries it houses. To finish I will tell you the anecdotes of one of the most emblematic and spectacular bridges in the world, the famous Tower Bridge. You do not miss the hype! Any questions or queries are welcome so go ahead!',
        51.509561,
        -0.07617,
        'Walking Tour',
        3.0,
        0.0,
        60,
        false,
        'https://www.guruwalk.com/walks/38629-history-betrayals-and-mystery-in-london?ref=ojlgpuf3oo1nuk2s74m5',
        ARRAY['https://media.guruwalk.com/2cg3sio54tsae4098ci0biq6mfay',
              'https://media.guruwalk.com/5pcfgz96lbfg1m3bfq0ylbmoaj17',
              'https://media.guruwalk.com/j2hu5vgohh6po3y7crzsj16itwlj',
              'https://media.guruwalk.com/v0k0ahm0cuuv2ki2dafxy67y8cd1',
              'https://media.guruwalk.com/dfzbqtn281mi8fhhjie4bkxmkeif'],
        'London',
        'United Kingdom');
INSERT INTO attractions (name, description, latitude, longitude, category, rating, price, duration, featured, booking_url, pictures, city, country)
VALUES ('Scenic Stroll on the Southbank (Available in )',
        'The Southbank is the heart of London''s cultural scene, with opportunities to experience theatre, art, and literature. There are so many beautiful things about the history of this area that you will discover, once you take this tour. Learn more about the history of the Globe theatre, the best upcoming cultural events, and find hidden gems that you likely wouldn''t find by yourself. Intrigued? Then book my tour to find out more!',
        51.501343,
        -0.124841,
        'Walking Tour',
        4.4,
        0.0,
        105,
        false,
        'https://www.guruwalk.com/walks/38897-scenic-stroll-on-the-southbank?ref=ojlgpuf3oo1nuk2s74m5',
        ARRAY['https://d1i21eq0w7p1n3.cloudfront.net/395sm0hkdb1nwdruo26vbnxlekok',
              'https://d1i21eq0w7p1n3.cloudfront.net/ivqvjgwp7fre2k0qp8j2idvk4va3',
              'https://d1i21eq0w7p1n3.cloudfront.net/zdew4jymapptpq3cuzmhh7czbvcj',
              'https://d1i21eq0w7p1n3.cloudfront.net/6yero2f0ba23qdav4atjjcb380pe'],
        'London',
        'United Kingdom');
INSERT INTO attractions (name, description, latitude, longitude, category, rating, price, duration, featured, booking_url, pictures, city, country)
VALUES ('Essential London Free Tour - Westminster (Available in Spanish)',
        'Walking around the most iconic places in central London is something that no visitor can miss, but most people stay above ground and miss out on many of the things that make this part of London so important. If you want to see familiar places like Trafalgar Square, Buckingham Palace, the Houses of Parliament or Westminster Abbey from a different point of view, this is the tour for you. From Covent Garden to Parliament Square via The Mall, St. Jame''s Park and much more, we won''t leave a corner unexplored as we enter the heart of London.',
        51.512214,
        -0.123568,
        'Walking Tour',
        4.1,
        0.0,
        150,
        false,
        'https://www.guruwalk.com/walks/38875-essential-london-free-tour-westminster?ref=ojlgpuf3oo1nuk2s74m5',
        ARRAY['https://d1i21eq0w7p1n3.cloudfront.net/glneuy10e2oroq9yvmy1jods002e',
              'https://d1i21eq0w7p1n3.cloudfront.net/blxtffbhsl18nqxahlfw3czkun89',
              'https://d1i21eq0w7p1n3.cloudfront.net/81wntk7fzikd8ocdc7vsdzpo7w9g',
              'https://d1i21eq0w7p1n3.cloudfront.net/idz7rgsrout1z7gpq12qqj0nu0v1',
              'https://d1i21eq0w7p1n3.cloudfront.net/iazl4svzv5szujzcbyrcidszznn4'],
        'London',
        'United Kingdom');
INSERT INTO attractions (name, description, latitude, longitude, category, rating, price, duration, featured, booking_url, pictures, city, country)
VALUES ('Climbing experience on The O2 Arena in London',
        'Up at The O2 is a 90-minute experience you won’t forget. Zip up your climb jacket. Pull-on your boots. Hook up your harness. Then make your way up the south face of one of the most striking buildings in London’s skyline. Leading the way will be one of our friendly climb guides. They know all sorts of interesting facts about The O2, from its unique architecture to its famous visitors. So feel free to ask questions as you climb. At the summit, you’ll be standing 52 meters above the legendary arena, with 360-degree views across this historic part of London beside the River Thames. Ready to experience something out of the ordinary?',
        51.503038,
        0.003154,
        'Sports/Action',
        4.0,
        42.49,
        90,
        false,
        'https://amadeus-discover.adrenaline-hunter.com/en-GB/embedded-booking/activity/7052?_cid=693',
        ARRAY['https://media.manawa.com/cache/activity_gallery_zoom_770x500/media/2022/03/a7059b20e236abdfb3a1fde82e67ed25.jpg',
              'https://media.manawa.com/cache/activity_gallery_zoom_770x500/media/2022/03/bf8525f7130667f54b55d99e0f0d8473.jpg',
              'https://media.manawa.com/cache/activity_gallery_zoom_770x500/media/2022/03/ccd28944b211e89f892ee6ada58d564b.jpg',
              'https://media.manawa.com/cache/activity_gallery_zoom_770x500/media/2022/03/3bd1439f9334c1cc1356d107affa7070.jpg',
              'https://media.manawa.com/cache/activity_gallery_zoom_770x500/media/2022/03/34991477cf1aa64a5deb8801be8bbfe6.jpg',
              'https://media.manawa.com/cache/activity_gallery_zoom_770x500/media/2022/03/fdddb68353e1286985590e313040da45.jpg',
              'https://media.manawa.com/cache/activity_gallery_zoom_770x500/media/2022/03/8795a8e9581638b0c7b572e4eb41723b.jpg',
              'https://media.manawa.com/cache/activity_gallery_zoom_770x500/media/2018/06/1a0875e336ecc4abffefbbad59259a22.jpeg',
              'https://media.manawa.com/cache/activity_gallery_zoom_770x500/media/2022/03/de82bc1d52129d2691a0c346e1297704.jpg',
              'https://media.manawa.com/cache/activity_gallery_zoom_770x500/media/2022/03/1027b673c8518bba07a80e19332982dd.jpg'],
        'London',
        'United Kingdom');
INSERT INTO attractions (name, description, latitude, longitude, category, rating, price, duration, featured, booking_url, pictures, city, country)
VALUES ('Free Hidden London Tour (Available in English)',
        'Discover the best of hidden London on this unique free walking tour! One of the best free things to do in London, this free walking tour of London will introduce you to a side of London you haven’t seen before! Join this free walking tour of London and you’ll find London’s Oldest House, meet a Talking Cat and discover which of the famous London attractions is home to Secret Pineapples! You’ll also find Historic Golden Statues, Literary Pubs and hear one of London’s greatest love stories which still influences a global Wedding Tradition. Plus find out why Dragons are important to the city, which iconic London building Broke All The Rules of advertising and more! With all the best kept secrets of the City of London included, this free walking tour of London will introduce you to a whole new way of London sightseeing!',
        51.520219,
        -0.097677,
        'Walking Tour',
        4.2,
        0.0,
        150,
        false,
        'https://www.guruwalk.com/walks/39314-free-hidden-london-tour?ref=ojlgpuf3oo1nuk2s74m5',
        ARRAY['https://media.guruwalk.com/iydngder97zksdqmz4bmrotodqed',
              'https://media.guruwalk.com/xrgm6jb7qhkab9o92zcexkfwkgaq',
              'https://media.guruwalk.com/r3u20sne71ft6smhan1wt5c9420y',
              'https://media.guruwalk.com/zrk7ssweglcg1unajfd0tw3xg8ze',
              'https://media.guruwalk.com/9qgjy217ex5zx29b1br8hoogxplj'],
        'London',
        'United Kingdom');
INSERT INTO attractions (name, description, latitude, longitude, category, rating, price, duration, featured, booking_url, pictures, city, country)
VALUES ('Free Crime & Punishment Tour inc. Jack The Ripper! (Available in English)',
        'Bring London’s dark history to life on this sinister free walking tour! As the lights go down and darkness falls, this free walking tour will introduce you to the murky world of crime and punishment in London with gruesome true stories including Jack The Ripper where you’ll visit the last remaining site of his famous murders. You’ll discover the truth behind London’s criminal history and visit the Criminal Court that is home to ‘Deadmans Walk’, all whilst finding the historic landmark which lays claim to being the oldest execution site in the city. Along the way, you’ll hear many of London’s most famous criminal stories as you relive the ‘heist of the century’ at the Bank of England, recount the story of the Great Train Murder at Fenchurch Street and discover which historic crime inspired a classic Charles Dickens novel. As you make your way through the dark streets of London, you’ll discover the background of London’s most infamous criminals and their most heinous crimes while getting up close to many of London’s historic (and perhaps haunted) criminal locations including the Tower of London, The Old Bailey, and St Paul’s Cathedral on a walking tour that explores the true London and a past long forgotten.',
        51.520219,
        -0.097677,
        'Walking Tour',
        4.2,
        0.0,
        180,
        false,
        'https://www.guruwalk.com/walks/39315-free-crime-punishment-tour-inc-jack-the-ripper?ref=ojlgpuf3oo1nuk2s74m5',
        ARRAY['https://media.guruwalk.com/jpqmw3p0vkas66kqc7l8hq32417g',
              'https://media.guruwalk.com/tenin3vomzuo8ggs9q3ljsku8pv1',
              'https://media.guruwalk.com/fxua415d6m0md2iw7oykjgy0sqg2',
              'https://media.guruwalk.com/e18wsk7atm1l69e8x646wcar2ay1',
              'https://media.guruwalk.com/tq3d5eq01gd9ymd5hbjb2ffevjyx'],
        'London',
        'United Kingdom');


INSERT INTO favorite_attractions (user_id, attraction_id)
VALUES
  (1, 2),
  (1, 5),
  (2, 1),
  (2, 3),
  (3, 4),
  (7,1),
  (7,2);

-- Packages
INSERT INTO packages (user_id, name)
VALUES
  (1, 'Paris Adventure'),
  (2, 'Beach Getaway'),
  (3, 'Germany Trip'),
  (4, 'Italy Tour'),
  (5, 'Beirut Excursion'),
  (6, 'Beach Escape'),
  (7, 'Mountain Retreat'),
  (7, 'City Explorer');

-- Days
INSERT INTO days (package_id, date, day_title, day_description)
VALUES
  (1, '2022-07-25', 'Exploring the City', 'Visit popular landmarks and attractions in the city.'),
  (1, '2022-07-26', 'Outdoor Adventure', 'Embark on an exciting outdoor adventure and enjoy nature activities.'),
  (2, '2022-08-20', 'Beach Relaxation', 'Relax and unwind on the beautiful sandy beaches.'),
  (2, '2022-08-21', 'Cultural Exploration', 'Immerse yourself in the local culture and traditions.'),
  (3, '2022-09-10', 'Historical Sites', 'Discover the rich history and architecture of Germany.'),
  (3, '2022-09-11', 'Culinary Delights', 'Indulge in delicious German cuisine and traditional dishes.'),
  (4, '2022-09-05', 'Art and Culture', 'Explore the artistic heritage and cultural treasures of Italy.'),
  (4, '2022-09-06', 'Scenic Landscapes', 'Marvel at the breathtaking landscapes and natural beauty of Italy.'),
  (5, '2022-09-15', 'City Highlights', 'Experience the vibrant city life and attractions of Beirut.'),
  (5, '2022-09-16', 'Local Cuisine', 'Taste the flavors of Lebanese cuisine and savor traditional dishes.'),
  (6, '2022-08-25', 'Beach Retreat', 'Enjoy a relaxing beach getaway and soak up the sun and sea.'),
  (6, '2022-08-26', 'Water Sports', 'Try thrilling water sports activities and enjoy beachside fun.'),
  (7, '2022-10-05', 'Mountain Hiking', 'Embark on a challenging hike and explore the stunning mountain trails.'),
  (7, '2022-10-06', 'Nature Photography', 'Capture breathtaking photos of the picturesque mountain landscapes.'),
  (8, '2022-10-15', 'City Landmarks', 'Discover iconic landmarks and attractions in the bustling city.'),
  (8, '2022-10-16', 'Street Food Tour', 'Savor the local street food and culinary delights of the city.');

-- Package Attractions
INSERT INTO day_attractions (attraction_id, day_id)
VALUES
  (1, 1),
  (2, 1),
  (3, 2),
  (4, 2),
  (5, 3),
  (6, 3),
  (7, 4),
  (8, 4);

-- Orders
INSERT INTO orders (user_id, order_date, total_amount)
VALUES
  (1, '2022-07-20', 500),
  (2, '2022-08-10', 800);

-- Line Items
INSERT INTO line_items (order_id, attraction_id, quantity, price, created_at, number_of_people, attendance_date)
VALUES
  (1, 1, 2, 100, '2022-07-20', 4, '2022-08-02'),
  (1, 2, 1, 50, '2022-07-20', 2, '2022-08-02'),
  (2, 3, 1, 150, '2022-08-10', 1, '2022-09-05'),
  (2, 4, 3, 100, '2022-08-10', 5, '2022-09-05');
